first_name,last_name,job_title,department,email,address,phone_number,salary,password
Shawn,Shaffer,"Geologist, engineering",Engineering geologist,lauriekrause@example.org,North James,(269)984-5504,72836,lzjezaQe
Leah,Ruiz,Food technologist,Amenity horticulturist,weaverantonio@example.net,Bartonmouth,001-677-776-3288x193,63100,8r7QtTOG
Cynthia,Gutierrez,Clinical research associate,"Psychotherapist, dance movement",fuentesdesiree@example.net,Cynthiaborough,001-234-577-8231x8953,9409,Izc9lgs1
Jacqueline,Porter,Technical brewer,Landscape architect,epierce@example.com,West Michaelmouth,921.874.6633x075,86111,OcwPG3GP
Ryan,Oneal,Field seismologist,Chartered accountant,kelly72@example.net,West Daniellestad,(638)855-3742x866,67733,SBhKZMKj
Ashley,Johnson,"Doctor, general practice",Dance movement psychotherapist,oconnorzachary@example.org,Norrisbury,001-542-788-2565x039,83708,lHYSf4bc
Michelle,Sanchez,Analytical chemist,Research scientist (physical sciences),turnerapril@example.org,East Seth,(650)713-6188,25941,mfRgBmLZ
Jeffrey,Brown,Building control surveyor,Catering manager,brianboyd@example.org,Wattsborough,+1-613-903-5129,94749,HZfNbJQG
Cheryl,Horton,Actor,Multimedia specialist,marksmary@example.org,Lake Theresa,(578)251-2059x404,92149,HxlnP64Z
Rachel,Delacruz,Illustrator,"Teacher, primary school",melanie00@example.com,Port Jasonport,001-965-226-9113x263,3852,dSW8iysN
Amanda,Johnson,Newspaper journalist,"Solicitor, Scotland",trevorelliott@example.net,South Nancybury,321-360-9579,23816,LbQt7F3D
Daniel,Parker,Bonds trader,Passenger transport manager,hickmankathy@example.com,Wrightview,890-727-5673x141,91290,wBVor26g
Amanda,Gutierrez,Facilities manager,"Civil engineer, consulting",ashley40@example.com,Christensenview,360-740-6898,13523,W834a57N
Tracy,Hinton,"Physicist, medical",Estate agent,brooksdaniel@example.net,Michellefurt,811-801-5119x239,58300,vrucjDVi
Erik,Hall,Chief Financial Officer,Naval architect,evanssamantha@example.org,West Jefferyview,(430)406-0884,1018,nQeWNHXN
Mikayla,Mora,Drilling engineer,Tourism officer,chavezsean@example.com,West Cynthiamouth,311-928-6913x65799,9029,aTFVmTS4
Wendy,Silva,"Surveyor, building",Psychotherapist,heather80@example.org,East Feliciamouth,001-683-217-5973x12870,15504,4RAqFNPm
Julie,Turner,IT sales professional,Personal assistant,wesleytorres@example.org,South Amber,4689573543,32546,6SSABmCy
Christopher,Brown,Chief Financial Officer,Theatre stage manager,kimberly37@example.org,Phamland,6196229964,40259,EhmMuVQA
Laura,Fernandez,"Editor, film/video",Software engineer,jared23@example.com,Port William,864.272.6791,78212,FRWzXG8J
Cheryl,Richmond,Horticultural therapist,"Pharmacist, community",chrisflores@example.net,Lesterbury,+1-719-598-6920x1039,60957,hFZuq9Ci
Sabrina,Adams,Retail merchandiser,Technical author,burtontiffany@example.org,North Nancy,(463)612-0810x618,46847,papkC3if
Sheila,Garcia,Diagnostic radiographer,Sub,josephmedina@example.org,Johnsonville,649-817-6183x861,16584,no2VQ4Ln
Kara,Conway,Trade union research officer,Production engineer,eramirez@example.org,Nicolestad,378.989.2091,2768,6QGPPHOa
Maria,Hamilton,Local government officer,"Programme researcher, broadcasting/film/video",hubersteven@example.com,Port Laura,944-492-5473,10904,vN0x319I
Wanda,Gordon,Web designer,Call centre manager,anne95@example.com,Lake Sandrafurt,751.364.2393,9127,Oss7hO9X
Patricia,Gonzalez,Network engineer,Soil scientist,ericsoto@example.org,Tonyview,7916807088,39015,2XJOTb0s
Jenny,Long,Veterinary surgeon,"Psychotherapist, child",sullivanjessica@example.com,Lake David,(369)209-2021x3741,78780,OPHEh5Fv
Kathryn,Harris,Licensed conveyancer,Immigration officer,mlewis@example.org,Barbaraborough,(619)546-1485,2347,cZ89jiQv
John,Friedman,IT sales professional,Commercial art gallery manager,juliemanning@example.org,East Kaitlinbury,(894)592-7957x74711,62084,mbKjuYoi
Jacob,Hale,Copy,Film/video editor,ashleyflores@example.net,Port Sethton,879.522.1866,38986,DH9rj48W
Hannah,Beard,"Scientist, physiological",Pathologist,kevinweber@example.net,West Kevinburgh,001-202-653-5928x6937,43891,I5xWD96h
Cody,Olson,Herpetologist,"Administrator, arts",larsonmatthew@example.org,Marktown,(529)578-1764x02589,2542,2IPlbJTy
Mary,Hubbard,Mental health nurse,Diplomatic Services operational officer,michelle77@example.com,South Courtneyside,357.981.6313x00754,834,AJMJiMCo
Jennifer,Miller,"Librarian, public","Surveyor, planning and development",austinray@example.org,Nunezton,549.966.3708,20900,eqbEO9oL
Paul,Peterson,"Civil engineer, consulting",Physiological scientist,camachojulia@example.com,Mackenziefort,962.447.5713x606,57978,BwQg7BqO
Isabella,Brown,Chartered certified accountant,Advertising copywriter,wilsoncasey@example.org,Glassview,991-356-4759x0189,2359,ZDDWIB7n
Michael,Miranda,Theme park manager,Recruitment consultant,vazquezderek@example.org,East Teresa,+1-901-353-3810x0402,47614,Tlb1732o
Angelica,Nelson,Medical physicist,Psychotherapist,amandamanning@example.net,Lake Brian,+1-708-263-1649x74738,24306,5FQYA0wS
Alan,Andrews,Financial adviser,"Surveyor, building",michael82@example.net,Acostaville,001-656-877-6549,58069,IZPMiyPk
Kathy,Cisneros,"Engineer, maintenance","Engineer, production",rangelhayden@example.org,Gutierrezton,7202224467,72183,KOY4qFm2
Mark,Hernandez,Police officer,Special effects artist,markbrandt@example.net,Karinatown,5962951268,79334,265BBFIv
Christina,Caldwell,"Teacher, early years/pre",Agricultural engineer,dakotaalexander@example.net,New Crystalmouth,001-239-776-3370x5109,88752,qWwbqhHO
Brittney,Navarro,Acupuncturist,"Producer, radio",melissa40@example.org,Carpentermouth,820-952-7717,61286,UOqV3yXa
Brian,Parsons,Gaffer,Research scientist (medical),dennis25@example.org,Barronfurt,(744)895-3687,67028,3fvQn79T
Marie,Wood,Intelligence analyst,Location manager,kristenferguson@example.com,Lisafort,(508)373-4562,86132,H7RpDrf5
Stephanie,Obrien,Commissioning editor,Fisheries officer,margaretfernandez@example.com,Port Williammouth,5556779482,17473,RwWlM7mf
Angel,Mendoza,Building surveyor,Local government officer,martinkevin@example.net,West Davidborough,468.981.8197x993,81488,gaN7UBTA
Daniel,Avery,Mechanical engineer,"Designer, furniture",chelsea93@example.org,Port Donald,001-447-486-8753,95096,lpgkQyFB
Caitlyn,Good,Catering manager,Seismic interpreter,kspencer@example.org,South Jeremyview,(684)500-7145x65940,11621,A4LANcMZ
Jose,Roberts,Television camera operator,Merchant navy officer,anthonyburke@example.org,West Brian,380-829-6890x310,18624,2jjOAqvt
Christine,Peck,Dispensing optician,"Psychologist, prison and probation services",pjones@example.org,Mariaport,395-289-7713x1912,27113,c7eWpT4s
Kevin,Drake,Forensic psychologist,Charity fundraiser,mariaanderson@example.com,Masonhaven,(843)312-2686x1460,5164,Ij4KcUuw
Laurie,Landry,"Engineer, manufacturing systems",Textile designer,kristinagarcia@example.net,Obrienchester,229-210-8885,56317,QJ5Iln3p
Sean,Hobbs,Contracting civil engineer,Comptroller,grantsusan@example.org,West Craigmouth,966.377.4116,696,XZMQeOwt
Melissa,Romero,Pensions consultant,Chartered public finance accountant,sfox@example.org,North Jared,+1-796-249-3000x89337,81963,TRfzdmwp
Johnny,Hurst,"Administrator, education",Artist,hobbsrebecca@example.com,South Traci,699.717.6574x051,28870,hs4BGVSm
Lauren,Wheeler,Contractor,"Administrator, education",powens@example.net,Aliville,2846144865,7274,Uob5RzLs
Shannon,Roth,Editorial assistant,Sales executive,jallen@example.org,Christianport,487.423.9996x4011,57149,8GLsoQim
David,Pham,Freight forwarder,Careers information officer,donna58@example.org,Stephenschester,231-956-0936x7599,60736,C46qIfLR
Natalie,Williams,Chief Strategy Officer,Exhibition designer,wongkimberly@example.com,East Russell,+1-873-426-9499x1640,15642,xkwmAjS6
Dawn,Hinton,Community pharmacist,Prison officer,millerdavid@example.org,West Kelly,596-531-6774x85453,23617,wOHrfODp
Jonathan,Choi,"Copywriter, advertising",Forensic psychologist,christina66@example.com,North Jason,324-977-7365,37104,X9ZduD9X
Carrie,Johnson,"Administrator, sports",Colour technologist,vanessa85@example.net,Port Ryanshire,516.536.1454x06895,87512,JGiMeM8Z
Linda,Edwards,"Engineer, manufacturing systems",Health and safety inspector,kmoreno@example.com,Heidimouth,366.247.7266,73035,3EhN3N6u
Christopher,Mayer,Warden/ranger,Chief Marketing Officer,qroberson@example.org,South Cristinamouth,+1-741-712-3482x69507,48978,xZ2eAni0
Joe,Parker,"Therapist, horticultural",Textile designer,johnathan07@example.com,Lake Justin,(228)292-2464x625,2442,WpaKgcp3
Angela,Kaufman,Tree surgeon,Bonds trader,alvaradomonica@example.org,Sergioshire,+1-665-926-1840x363,40518,oEpGZjd5
Samuel,Drake,Radio broadcast assistant,Environmental manager,nancy22@example.org,Taylorchester,582-841-8630x328,50431,T6BLD9vs
Kristen,Matthews,Civil Service administrator,Patent attorney,paulpowers@example.net,Pricechester,480.802.0423,7053,llhUk6ut
Elizabeth,Jackson,Maintenance engineer,Print production planner,scotthoward@example.org,East Erikland,5817530628,85517,TJC2EnbD
Tammy,Hood,Armed forces operational officer,Toxicologist,hectorperkins@example.com,Andersonchester,672.846.3380x37665,76788,oUzUXLB5
Leon,Smith,Medical illustrator,Theatre manager,carlos08@example.net,East Kristy,227.886.7517,22728,8edRCCbB
Hannah,Kim,Quarry manager,Best boy,christophermullins@example.com,South Jennifer,728-844-2680,88803,HymEAlTf
Brandy,Taylor,Educational psychologist,"Surveyor, quantity",susan40@example.com,Lake Ronald,947-905-5512,18292,pI0hysOp
Tina,Russo,Chief Technology Officer,Multimedia specialist,nicholascarter@example.net,West Rodneyton,001-504-297-6759x081,5019,TDzIXBQK
Andrew,Newton,"Scientist, research (life sciences)",Manufacturing engineer,branchmichelle@example.org,East Leah,267-429-6357,16596,SDMnvYhO
Matthew,Black,"Surveyor, rural practice","Engineer, energy",wwhitney@example.com,Elizabethberg,+1-810-434-3638x2835,32920,zO4nqG2p
Anita,Gordon,Clinical research associate,Purchasing manager,lynn98@example.net,Brookeland,001-536-551-3845x06737,94745,eayy4MdI
Jillian,Perez,Dancer,Patent examiner,jennifer79@example.com,Lake Lisamouth,612.757.6527x583,66893,PikpXARu
Kevin,Armstrong,Social worker,Glass blower/designer,rosecynthia@example.net,East Roger,6525520050,79881,kzX9hTcu
Lydia,Hansen,Social worker,"Teacher, special educational needs",lee89@example.net,Molinaside,+1-249-530-6342x85385,66262,iUbxQXIC
Melissa,Baker,Bookseller,Visual merchandiser,chelsea55@example.org,West Brendatown,638-624-3829x641,87750,t9KmOzCT
Corey,Palmer,Herpetologist,Petroleum engineer,claytonjohnny@example.org,Longmouth,+1-902-590-2428x981,52604,BrcP2NkX
Christine,Baker,Financial planner,"Scientist, water quality",richardmolina@example.com,Catherineburgh,7848425774,68309,H8LmMNx0
Kendra,Fowler,Commercial horticulturist,Control and instrumentation engineer,armstrongcarolyn@example.org,Dianamouth,652-637-1482,52945,8FSh1Lto
Stephanie,Lucas,"Engineer, site","Therapist, drama",davidclark@example.org,Bennetthaven,(698)491-7680x888,54407,xHbJuD94
Gerald,Thornton,Surgeon,Public relations officer,samantha06@example.com,Lake James,203.975.6972x9939,89999,xkH2XUKi
David,Jones,Theatre stage manager,"Psychologist, occupational",crystalrowe@example.net,Kylehaven,602-695-7339,86878,NMTbVoCV
Pamela,Peterson,"Presenter, broadcasting",Air cabin crew,pdaniels@example.com,East Danielleside,346-503-2696,7112,HfOwPuRg
Jesus,Price,"Loss adjuster, chartered","Psychologist, educational",thomas28@example.org,Mileschester,+1-237-882-8917x83693,13856,zXmmSMJn
Emma,Webb,Medical technical officer,Archivist,valerie19@example.net,Deanburgh,317.204.8082x0630,19732,xA8woJ81
David,Bentley,"Geologist, engineering",Field trials officer,pklein@example.com,North Jennifer,3938533155,56697,GZAZ4dXi
Lisa,Barrett,Chartered legal executive (England and Wales),"Teacher, adult education",williamslucas@example.com,New Anthony,001-270-942-0662x5904,19786,KAAqaDlT
Jeffrey,Williams,Lawyer,Set designer,hmoore@example.org,New Meganfurt,956-546-6837x23931,4196,C5pSfJfV
Alison,Thompson,Animator,Clinical biochemist,garrettlinda@example.org,Rayborough,776.877.9851x39650,30755,30DC5o85
Ronald,Hardy,Field seismologist,Warden/ranger,batesmegan@example.com,West Amandaport,+1-568-593-4680x30235,16431,lgVLNcUi
Molly,Dickson,Multimedia specialist,Financial adviser,rmathis@example.net,New Michael,001-713-337-1783x25537,26984,Ni0MA7V6
Rachel,Hoffman,Private music teacher,"Horticulturist, amenity",alexis46@example.org,Pricebury,635-326-5456x90136,87090,bQ6wbFFT
Nancy,King,Catering manager,Financial trader,kkhan@example.net,North Anna,(320)767-4134,23443,yDAN1nkB
